Model,Accuracy
Model 1,0.9967637540453075
Model 2,0.9967637540453075
Model 3,0.6957928802588996
Model 4,0.6310679611650486
Model 5,0.627831715210356
